<?xml version="1.0"?>
<!--
/**
 * FME Extensions
 *
 * NOTICE OF LICENSE
 *
 * This source file is subject to the fmeextensions.com license that is
 * available through the world-wide-web at this URL:
 * https://www.fmeextensions.com/LICENSE.txt
 *
 * DISCLAIMER
 *
 * Do not edit or add to this file if you wish to upgrade this extension to newer
 * version in the future.
 *
 * @category  FME
 * @package   FME_QuickView
 * @copyright Copyright (c) 2019 FME (http://fmeextensions.com/)
 * @license   https://fmeextensions.com/LICENSE.txt
 */ 
-->
<config xmlns:xsi="http://www.w3.org/2001/XMLSchema-instance" xsi:noNamespaceSchemaLocation="urn:magento:module:Magento_Config:etc/system_file.xsd">
    <system>
        <tab id="fmeextensions" translate="label" sortOrder="10">
            <label>FME Extensions</label>
        </tab>
        <section id="quickview" translate="label" sortOrder="131" showInDefault="1" showInWebsite="1" showInStore="1">
            <class>separator-top</class>
            <label>Quick View</label>
            <tab>fmeextensions</tab>
            <resource>FME_QuickView::configuration</resource>
            <group id="popup" translate="label" type="text" sortOrder="10" showInDefault="1" showInWebsite="1" showInStore="1">
                <label>Popup Options</label>
                <attribute type="expanded">1</attribute>
                <field id="button_enable" translate="label" type="select" sortOrder="1" showInDefault="1" showInWebsite="1" showInStore="1" canRestore="1">
                    <label>Popup Button Enable</label>
                    <source_model>Magento\Config\Model\Config\Source\Yesno</source_model>
                </field>
                <field id="popup_frame_height" translate="label" type="text" sortOrder="2" showInDefault="1" showInWebsite="1" showInStore="1" canRestore="1">
                    <label>Popup Height</label>
                    <comment>This Height will display on the frontend Popup.</comment>
                </field>
                <field id="popup_label" translate="label" type="text" sortOrder="3" showInDefault="1" showInWebsite="1" showInStore="1" canRestore="1">
                    <label>Popup Label (Optional)</label>
                    <comment>This text will display on the frontend Popop Label.</comment>
                </field>
                <field id="popup_close_button" translate="label" type="text" sortOrder="4" showInDefault="1" showInWebsite="1" showInStore="1" canRestore="1">
                    <label>Popup Close Button (Optional)</label>
                    <comment>This text will display on the frontend Popup Close Button.</comment>
                </field>
            </group>
            <group id="button" translate="label" type="text" sortOrder="11" showInDefault="1" showInWebsite="1" showInStore="1">
                <label>Button Options</label>
                <attribute type="expanded">1</attribute>
                <field id="button_display_position" translate="label" type="select" sortOrder="5" showInDefault="1" showInWebsite="1" showInStore="1" canRestore="1">
                   <label>Button Position</label>        
                   <source_model>FME\QuickView\Model\Config\Source\ListPositionMode</source_model>
                   <comment>This Button Position display on the frontend Button.</comment>
                </field>
                <field id="button_display_text" translate="label" type="text" sortOrder="6" showInDefault="1" showInWebsite="1" showInStore="1" canRestore="1">
                    <label>Button Text</label>
                    <comment>This text will display on the frontend Button.</comment>
                </field>
                <field id="button_text_color" translate="label" type="text" sortOrder="10" showInDefault="1" showInWebsite="1" showInStore="1" canRestore="1">
                    <label>Button Text Color</label>
                    <frontend_model>FME\QuickView\Block\Color</frontend_model> 
                    <comment>This Color will display on the frontend Button Color.</comment>
                </field>
                <field id="button_background_color" translate="label" type="text" sortOrder="8" showInDefault="1" showInWebsite="1" showInStore="1" canRestore="1">
                    <label>Button Background Color</label>
                    <frontend_model>FME\QuickView\Block\Color</frontend_model>
                    <comment>This Color will display on the frontend Button Background Color.</comment>
                </field>
                <field id="button_background_hover_color" translate="label" type="text" sortOrder="9" showInDefault="1" showInWebsite="1" showInStore="1" canRestore="1">
                    <label>Button Hover Color</label>
                    <frontend_model>FME\QuickView\Block\Color</frontend_model>
                    <comment>This Color will display on the frontend Button Background Hover Color.</comment>
                </field>
                <field id="button_display_transparency" translate="label" type="select" sortOrder="10" showInDefault="1" showInWebsite="1" showInStore="1" canRestore="1">
                   <label>Button Transparency</label>        
                   <source_model>FME\QuickView\Model\Config\Source\ListTransparencyMode</source_model>
                   <comment>This Button Transparency display on the frontend Button.</comment>
                </field>
                <field id="button_enable_mobile" translate="label" type="select" sortOrder="11" showInDefault="1" showInWebsite="1" showInStore="1" canRestore="1">
                    <label>Button Enable On Mobile</label>
                    <source_model>Magento\Config\Model\Config\Source\Yesno</source_model>
                </field>
            </group>
        </section>
    </system>
</config>
