<?xml version="1.0"?>
<!--
/**
 * FME Extensions
 *
 * NOTICE OF LICENSE
 *
 * This source file is subject to the fmeextensions.com license that is
 * available through the world-wide-web at this URL:
 * https://www.fmeextensions.com/LICENSE.txt
 *
 * DISCLAIMER
 *
 * Do not edit or add to this file if you wish to upgrade this extension to newer
 * version in the future.
 *
 * @category  FME
 * @package   FME_QuickView
 * @copyright Copyright (c) 2019 FME (http://fmeextensions.com/)
 * @license   https://fmeextensions.com/LICENSE.txt
 */ 
-->
<config xmlns:xsi="http://www.w3.org/2001/XMLSchema-instance" xsi:noNamespaceSchemaLocation="urn:magento:framework:Acl/etc/acl.xsd">
    <acl>
        <resources>
            <resource id="Magento_Backend::admin">  
                <resource id="FME_Extensions::fmeextensions" title="FME Extensions">
                    <resource id="FME_QuickView::main_menu" title="FME QuickView Manager" 
                              sortOrder="100">
                        <resource id="FME_QuickView::configuration" title="Configuration Quick View" 
                                  sortOrder="22" />  
                    </resource>
                </resource>            
            </resource>
        </resources>
    </acl>
</config>
